geoid,name,B25070001,"B25070001, Error",B25070002,"B25070002, Error",B25070003,"B25070003, Error",B25070004,"B25070004, Error",B25070005,"B25070005, Error",B25070006,"B25070006, Error",B25070007,"B25070007, Error",B25070008,"B25070008, Error",B25070009,"B25070009, Error",B25070010,"B25070010, Error",B25070011,"B25070011, Error"
06000US3600508510,"Bronx borough, Bronx County, NY",426925,3463,16598,1285,29458,1832,37695,1739,38993,2142,38592,1986,35904,2021,25521,1359,36604,1869,144940,3096,22620,1670
06000US3604710022,"Brooklyn borough, Kings County, NY",712011,4241,37465,1721,60852,2147,81193,2443,80289,2725,74053,2623,58016,2164,41124,2083,55091,2460,190739,3657,33189,1642
06000US3606144919,"Manhattan borough, New York County, NY",583299,5189,38707,2257,57457,2410,67572,2758,66243,2681,59867,2736,51486,2806,31675,1975,42984,2232,141402,3947,25906,1975
06000US3608160323,"Queens borough, Queens County, NY",463708,3917,19741,1392,37895,1869,49728,1764,52506,1986,47046,2031,40343,1787,30998,1730,37796,1706,123161,3155,24494,1398
06000US3608570915,"Staten Island borough, Richmond County, NY",55089,1872,2228,422,5060,771,5515,774,4444,598,4572,700,4619,690,3556,596,4298,588,16185,1157,4612,631
16000US3651000,"New York, NY",2241032,8651,114739,3070,190722,4422,241703,4623,242475,4831,224130,4723,190368,4482,132874,3317,176773,4263,616427,7241,110821,3240
86000US07002,"07002",18468,888,751,213,1417,305,2058,404,2456,376,2757,498,1791,340,1038,291,1257,301,4189,653,754,264
86000US07008,"07008",3727,496,311,250,496,222,272,144,522,200,307,157,546,330,183,112,282,145,636,301,172,121
86000US07020,"07020",4348,454,210,151,314,182,661,259,319,135,372,204,800,355,197,135,258,169,1039,340,178,123
86000US07024,"07024",8136,584,205,98,690,280,878,306,1086,261,1057,245,553,146,469,171,713,193,1963,412,522,219
86000US07030,"07030",18607,802,1319,329,2224,466,2976,396,3264,457,2290,462,1560,345,965,282,871,272,2533,425,605,263
86000US07036,"07036",6873,617,396,179,627,173,960,269,688,196,616,205,442,170,780,285,770,206,1356,297,238,115
86000US07047,"07047",13910,794,523,214,1349,302,1067,295,1300,329,1786,480,1015,311,1102,394,1248,393,3908,584,612,275
86000US07064,"07064",30,29,0,14,0,14,0,14,3,8,0,14,0,14,0,14,0,14,11,19,16,20
86000US07077,"07077",372,177,0,14,0,14,54,85,102,140,55,46,12,19,63,66,0,14,34,27,52,53
86000US07086,"07086",5978,480,429,172,670,194,995,255,797,247,570,221,398,154,639,310,457,233,978,251,45,42
86000US07093,"07093",18882,755,627,202,1477,310,1985,402,2109,430,1844,342,1910,475,1459,382,1403,333,5546,697,522,194
86000US07202,"07202",11098,772,409,168,1036,231,1180,337,1779,451,1326,332,1053,308,641,334,840,264,2420,433,414,156
86000US07206,"07206",7065,603,252,124,491,200,686,228,571,216,854,272,657,323,518,204,610,255,2064,477,362,212
86000US07302,"07302",21905,915,1081,322,3820,605,4261,550,2776,512,2936,488,1472,440,1139,254,892,231,2672,537,856,290
86000US07305,"07305",15701,922,727,279,1111,331,2041,447,1275,366,1060,237,1465,361,881,331,1222,328,4975,620,944,296
86000US07310,"07310",7083,507,647,231,868,235,1286,317,722,236,701,231,496,175,241,153,392,166,1248,386,482,185
86000US07311,"07311",1054,332,65,55,86,99,347,211,103,78,95,70,207,225,14,24,78,75,59,66,0,14
86000US07620,"07620",38,24,10,14,2,4,7,9,9,12,4,6,0,14,0,14,1,3,5,6,0,14
86000US07632,"07632",332,119,20,23,27,28,21,32,14,24,71,48,0,20,0,20,25,29,140,99,14,18
86000US07670,"07670",1478,249,95,104,162,116,118,87,390,231,116,75,85,74,23,35,45,56,334,128,110,104
86000US08861,"08861",12877,812,316,162,422,211,923,290,1454,349,1306,280,1390,448,1021,351,1575,425,4105,689,365,182
86000US10001,"10001",11939,732,917,324,1502,337,1801,380,1484,410,1181,316,1074,274,546,201,892,285,2137,378,405,201
86000US10002,"10002",29732,1242,1688,364,2438,423,2857,559,3466,629,3197,559,3752,753,1338,419,2076,420,7758,1058,1162,523
86000US10003,"10003",15410,826,1031,268,2255,625,1722,321,1455,448,1355,335,1147,362,1171,354,1148,345,3480,496,646,234
86000US10004,"10004",1060,283,21,34,119,110,255,159,84,54,39,26,128,179,72,60,136,67,206,146,0,14
86000US10005,"10005",4323,517,77,69,515,229,461,292,664,258,559,261,364,247,188,107,331,193,1164,405,0,19
86000US10006,"10006",1812,292,3,29,332,223,216,145,315,154,205,145,117,100,67,65,105,96,452,193,0,14
86000US10007,"10007",2326,463,467,292,316,167,373,228,250,138,116,98,230,202,101,76,120,86,341,161,12,21
86000US10009,"10009",26954,1381,1966,580,2524,568,3739,762,3279,717,2839,634,2282,499,1643,435,1768,496,5275,845,1639,485
86000US10010,"10010",11276,1092,994,297,1279,366,1399,379,1519,421,978,412,1183,410,484,218,658,268,2470,600,312,133
86000US10011,"10011",17822,1215,1260,431,1975,359,2228,713,2572,581,1613,442,1570,418,947,328,1620,463,3446,677,591,198
86000US10012,"10012",9229,823,1069,302,1127,395,1263,327,913,312,1021,308,861,391,402,159,509,211,1775,587,289,146
86000US10013,"10013",8548,879,1321,605,982,312,680,171,552,195,799,435,578,221,405,205,811,227,2000,385,420,343
86000US10014,"10014",11979,978,934,296,1710,370,1620,352,2067,605,801,205,933,360,289,154,912,277,2282,400,431,236
86000US10016,"10016",22651,1491,1282,420,2174,520,2165,512,2507,565,3351,886,1898,434,947,369,2132,565,5269,929,926,273
86000US10017,"10017",6602,945,332,213,686,369,579,238,542,237,566,237,631,294,371,215,534,307,2167,769,194,126
86000US10018,"10018",4254,414,232,105,449,179,442,152,485,166,479,272,364,157,284,148,374,169,1020,309,125,100
86000US10019,"10019",21120,1512,1211,460,1953,413,3143,778,2547,642,2511,593,2200,437,1053,543,2107,840,3795,694,600,237
86000US10020,"10020",0,14,0,14,0,14,0,14,0,14,0,14,0,14,0,14,0,14,0,14,0,14
86000US10021,"10021",11579,1066,736,349,1705,435,1022,440,1646,500,1595,406,789,320,788,381,443,227,2276,578,579,294
86000US10022,"10022",9018,905,657,261,827,258,987,272,982,251,933,301,509,186,576,233,666,192,2256,705,625,274
86000US10023,"10023",23354,1508,1548,458,1850,432,3361,665,3070,726,2886,689,1854,484,1865,610,932,317,4887,769,1101,338
86000US10024,"10024",18943,1530,1626,430,2657,584,2535,520,2031,618,1878,633,1293,465,1793,961,1397,377,3388,591,345,202
86000US10025,"10025",28474,1227,1978,431,3047,825,3613,635,2971,538,2391,518,2226,566,811,258,1923,568,7824,948,1690,482
86000US10026,"10026",11964,886,746,246,1214,339,1208,311,1259,392,2011,557,651,257,551,170,1000,303,2685,411,639,255
86000US10027,"10027",20525,1112,942,262,1953,622,2087,390,2175,399,2176,418,1839,464,747,220,1313,364,5635,665,1658,453
86000US10028,"10028",16175,1304,1045,323,1648,432,2842,996,1989,432,1580,472,1304,416,776,217,931,284,3381,747,679,399
86000US10029,"10029",31242,1523,1674,365,2517,515,3190,574,3173,546,3300,600,3341,989,1797,394,1865,413,8791,895,1594,485
86000US10030,"10030",11306,889,660,307,631,319,765,239,725,413,1003,291,1108,347,845,344,899,357,4110,638,560,259
86000US10031,"10031",19316,1007,1060,324,1810,422,2153,403,2031,401,1653,375,1188,278,1119,289,1486,455,5780,791,1036,370
86000US10032,"10032",19748,988,1230,350,1200,323,1676,415,1578,368,2309,520,2265,662,1543,463,1828,556,5464,755,655,247
86000US10033,"10033",16811,833,618,224,1538,454,1894,464,1906,463,1473,350,1466,390,891,344,1500,499,4751,642,774,312
86000US10034,"10034",13527,710,744,266,1751,464,1381,337,1429,358,867,284,1318,335,633,200,1229,344,3612,470,563,267
86000US10035,"10035",13939,830,758,284,787,247,1256,394,1753,360,1518,376,1335,346,847,317,984,274,3992,638,709,272
86000US10036,"10036",17003,1425,889,315,1597,427,1698,431,2037,485,2242,526,1694,551,1058,388,1701,426,3765,772,322,226
86000US10037,"10037",9014,677,809,259,581,186,715,244,705,213,720,232,823,277,575,258,759,229,2550,470,777,365
86000US10038,"10038",6951,820,369,206,708,267,934,324,662,219,759,274,645,235,381,167,551,194,1501,418,441,517
86000US10039,"10039",11195,839,857,336,719,301,1176,349,1434,469,674,275,1169,426,934,435,1048,460,2826,579,358,267
86000US10040,"10040",13347,831,501,210,1109,333,1235,347,1598,368,1435,391,901,261,528,196,1032,332,4337,691,671,303
86000US10044,"10044",4199,419,221,190,341,160,464,186,381,172,385,149,325,125,188,126,497,165,1319,350,78,60
86000US10065,"10065",10336,880,1235,471,1193,354,1276,418,857,320,928,316,994,337,377,189,728,264,2355,574,393,249
86000US10069,"10069",2100,512,198,152,219,135,224,221,336,249,62,83,53,51,113,134,208,154,370,197,317,339
86000US10075,"10075",6328,845,532,295,481,188,766,273,806,392,455,204,588,255,502,271,489,223,1241,503,468,397
86000US10103,"10103",0,14,0,14,0,14,0,14,0,14,0,14,0,14,0,14,0,14,0,14,0,14
86000US10110,"10110",0,14,0,14,0,14,0,14,0,14,0,14,0,14,0,14,0,14,0,14,0,14
86000US10111,"10111",0,14,0,14,0,14,0,14,0,14,0,14,0,14,0,14,0,14,0,14,0,14
86000US10112,"10112",0,14,0,14,0,14,0,14,0,14,0,14,0,14,0,14,0,14,0,14,0,14
86000US10115,"10115",0,14,0,14,0,14,0,14,0,14,0,14,0,14,0,14,0,14,0,14,0,14
86000US10119,"10119",0,14,0,14,0,14,0,14,0,14,0,14,0,14,0,14,0,14,0,14,0,14
86000US10128,"10128",21089,1459,1493,497,1991,322,2915,486,3279,643,2287,624,1755,358,696,233,899,277,4892,1007,882,346
86000US10152,"10152",0,14,0,14,0,14,0,14,0,14,0,14,0,14,0,14,0,14,0,14,0,14
86000US10153,"10153",0,14,0,14,0,14,0,14,0,14,0,14,0,14,0,14,0,14,0,14,0,14
86000US10154,"10154",0,14,0,14,0,14,0,14,0,14,0,14,0,14,0,14,0,14,0,14,0,14
86000US10162,"10162",746,331,19,34,61,48,129,92,59,72,87,98,0,14,0,14,15,25,363,269,13,24
86000US10165,"10165",0,14,0,14,0,14,0,14,0,14,0,14,0,14,0,14,0,14,0,14,0,14
86000US10167,"10167",0,14,0,14,0,14,0,14,0,14,0,14,0,14,0,14,0,14,0,14,0,14
86000US10168,"10168",0,14,0,14,0,14,0,14,0,14,0,14,0,14,0,14,0,14,0,14,0,14
86000US10169,"10169",0,14,0,14,0,14,0,14,0,14,0,14,0,14,0,14,0,14,0,14,0,14
86000US10170,"10170",0,14,0,14,0,14,0,14,0,14,0,14,0,14,0,14,0,14,0,14,0,14
86000US10171,"10171",0,14,0,14,0,14,0,14,0,14,0,14,0,14,0,14,0,14,0,14,0,14
86000US10172,"10172",0,14,0,14,0,14,0,14,0,14,0,14,0,14,0,14,0,14,0,14,0,14
86000US10173,"10173",0,14,0,14,0,14,0,14,0,14,0,14,0,14,0,14,0,14,0,14,0,14
86000US10174,"10174",0,14,0,14,0,14,0,14,0,14,0,14,0,14,0,14,0,14,0,14,0,14
86000US10177,"10177",0,14,0,14,0,14,0,14,0,14,0,14,0,14,0,14,0,14,0,14,0,14
86000US10199,"10199",0,14,0,14,0,14,0,14,0,14,0,14,0,14,0,14,0,14,0,14,0,14
86000US10271,"10271",0,14,0,14,0,14,0,14,0,14,0,14,0,14,0,14,0,14,0,14,0,14
86000US10278,"10278",0,14,0,14,0,14,0,14,0,14,0,14,0,14,0,14,0,14,0,14,0,14
86000US10279,"10279",84,75,84,75,0,14,0,14,0,14,0,14,0,14,0,14,0,14,0,14,0,14
86000US10280,"10280",2780,622,245,203,517,389,458,297,185,141,422,305,248,166,96,92,0,19,609,280,0,19
86000US10282,"10282",2104,373,374,187,311,198,333,177,160,146,75,55,233,167,129,97,115,79,358,267,16,25
86000US10301,"10301",7900,618,355,152,781,221,780,263,613,219,720,226,768,232,653,270,612,174,2008,385,610,248
86000US10302,"10302",2722,451,85,81,75,56,251,163,72,59,172,112,11,15,315,257,396,172,1034,273,311,215
86000US10303,"10303",3053,408,168,113,261,180,186,141,270,129,249,132,251,190,117,99,193,141,1198,304,160,83
86000US10304,"10304",7988,617,291,156,905,354,566,228,865,245,721,275,471,184,534,253,829,236,2401,534,405,170
86000US10305,"10305",5537,556,241,136,414,196,710,229,486,161,377,194,334,127,403,165,386,154,1647,358,539,227
86000US10306,"10306",6163,680,152,100,443,233,863,357,475,192,439,184,661,251,390,186,459,247,2004,444,277,123
86000US10307,"10307",822,235,0,21,73,93,72,91,148,118,89,78,72,65,0,21,96,92,116,71,156,133
86000US10308,"10308",2128,364,0,29,212,163,215,121,91,84,196,158,449,248,49,46,105,96,384,180,427,210
86000US10309,"10309",2892,768,102,100,170,87,287,197,196,164,162,164,423,412,149,134,135,102,1051,488,217,147
86000US10310,"10310",3615,464,307,125,155,97,473,321,253,123,297,165,165,84,141,72,314,163,1093,255,417,203
86000US10311,"10311",0,14,0,14,0,14,0,14,0,14,0,14,0,14,0,14,0,14,0,14,0,14
86000US10312,"10312",3779,641,144,103,367,211,283,217,318,149,258,152,549,353,123,84,251,144,1081,310,405,190
86000US10314,"10314",8490,789,383,204,1204,312,829,327,657,219,892,271,465,194,682,250,522,235,2168,438,688,214
86000US10451,"10451",19333,1048,965,368,1123,377,1804,542,1207,437,1905,486,1927,590,1087,350,1665,434,6917,830,733,325
86000US10452,"10452",27776,953,835,274,1906,517,2458,481,2559,545,2038,571,2408,505,1550,455,2636,587,10080,1095,1306,365
86000US10453,"10453",26922,983,1123,325,1707,468,1983,442,1768,437,1927,389,1720,408,1734,500,2255,511,10286,987,2419,678
86000US10454,"10454",14112,753,522,220,891,294,850,332,1324,380,1557,431,1305,476,935,287,806,234,5002,660,920,345
86000US10455,"10455",15075,1009,842,320,1145,340,1060,288,1500,418,1033,351,1404,567,976,327,1390,567,5032,874,693,288
86000US10456,"10456",30406,1438,1410,367,2054,664,2446,604,2679,642,3091,585,2640,618,1687,452,1943,470,11195,1125,1261,439
86000US10457,"10457",26242,968,1203,360,1818,413,1924,453,2808,469,2639,525,1744,410,1634,507,2491,595,8573,801,1408,333
86000US10458,"10458",27899,1183,831,335,1855,423,2254,493,2154,459,2833,594,3002,645,1340,307,2233,511,10274,963,1123,332
86000US10459,"10459",16123,921,752,261,1085,295,1205,314,1364,340,1208,281,1169,319,971,281,1172,429,6292,613,905,330
86000US10460,"10460",20818,899,556,245,1500,447,1663,410,2259,486,1709,357,1556,376,942,281,1686,392,7852,784,1095,309
86000US10461,"10461",13645,706,397,195,1029,268,1185,280,1601,344,1126,260,1261,333,738,231,1282,277,4430,651,596,226
86000US10462,"10462",22738,992,464,185,1351,325,2771,598,2182,374,2144,410,1503,328,1618,349,2075,357,7650,794,980,263
86000US10463,"10463",18964,994,596,178,1610,441,2337,467,2117,387,1449,386,1191,368,1114,345,2073,409,5586,805,891,321
86000US10464,"10464",500,205,0,14,24,44,0,14,92,118,68,82,24,40,0,14,78,121,140,122,74,57
86000US10465,"10465",7102,625,465,187,903,286,435,196,552,166,667,187,532,175,685,355,236,134,2294,393,333,126
86000US10466,"10466",14987,985,694,252,900,344,897,288,1936,448,1692,390,877,280,1280,427,1414,337,4791,708,506,242
86000US10467,"10467",32910,1037,1069,282,1601,321,3759,680,3082,439,3477,588,2530,494,1853,355,2586,487,10930,800,2023,405
86000US10468,"10468",26029,1399,404,190,1714,372,2434,549,1962,358,1902,411,2353,607,1583,354,2731,659,9659,1106,1287,359
86000US10469,"10469",11632,768,553,209,700,226,1148,351,1033,285,883,275,924,340,626,234,1122,345,3706,471,937,327
86000US10470,"10470",3790,436,134,120,245,132,438,129,753,304,328,118,339,157,258,160,294,134,805,225,196,175
86000US10471,"10471",3785,498,229,140,541,243,270,105,526,220,344,118,581,177,117,71,336,138,553,169,288,136
86000US10472,"10472",18578,704,858,257,1036,275,1370,316,966,228,1567,366,1404,358,1513,364,1460,346,6718,660,1686,404
86000US10473,"10473",16300,913,1099,415,1775,545,1256,407,1317,459,1719,372,2040,500,807,287,1585,481,3913,638,789,331
86000US10474,"10474",3501,378,160,129,296,232,453,168,281,139,220,157,198,133,230,115,207,110,1402,316,54,57
86000US10475,"10475",10823,972,491,258,807,278,1631,327,1296,377,1219,503,1532,507,451,185,1161,536,1907,358,328,193
86000US10550,"10550",10709,878,334,164,763,292,730,268,1030,428,1325,428,1210,373,381,222,1153,320,2963,644,820,273
86000US10704,"10704",4761,577,161,104,385,149,815,311,729,322,281,154,311,174,312,172,523,186,1078,311,166,114
86000US10705,"10705",9514,704,512,229,669,241,1021,309,829,247,1020,351,926,351,601,285,672,224,2783,432,481,172
86000US10803,"10803",903,166,41,34,91,59,69,51,175,103,92,59,19,25,112,91,76,65,119,75,109,82
86000US10805,"10805",4659,485,204,172,275,140,666,159,687,245,676,233,282,161,179,97,549,187,961,355,180,108
86000US11001,"11001",1245,222,87,62,55,42,122,77,143,66,116,90,44,33,51,40,132,82,363,121,132,61
86000US11003,"11003",2525,558,97,77,209,160,298,191,203,128,197,88,85,74,124,114,247,145,625,253,440,383
86000US11004,"11004",1438,335,157,126,144,134,185,113,277,135,108,84,83,74,25,30,147,128,226,135,86,85
86000US11005,"11005",84,55,0,14,0,14,0,14,11,17,11,18,0,14,9,15,26,40,27,25,0,14
86000US11020,"11020",238,166,0,19,15,22,43,45,110,164,20,32,0,19,10,14,11,15,20,19,9,10
86000US11021,"11021",2413,300,146,70,158,84,284,100,255,108,134,80,246,154,141,78,174,121,601,218,274,184
86000US11040,"11040",1535,350,123,93,97,72,209,213,231,115,167,122,76,56,53,38,30,30,460,169,89,52
86000US11042,"11042",0,14,0,14,0,14,0,14,0,14,0,14,0,14,0,14,0,14,0,14,0,14
86000US11096,"11096",1283,253,43,48,26,43,29,46,137,103,237,142,125,89,73,63,65,57,480,182,68,68
86000US11101,"11101",17939,1129,650,179,2391,598,2312,418,2725,498,2028,399,1539,293,1260,510,855,269,3440,463,739,266
86000US11102,"11102",12063,695,611,204,896,302,1737,275,2033,350,1443,323,1299,266,751,213,515,146,2407,531,371,160
86000US11103,"11103",13998,768,568,149,1226,259,1836,354,2174,382,1643,282,1106,264,959,291,1207,220,2848,390,431,160
86000US11104,"11104",9791,519,375,147,1191,318,1023,193,1033,235,990,209,1021,320,1056,296,1062,305,1859,310,181,121
86000US11105,"11105",12076,551,572,210,1006,217,1862,283,1795,315,1426,287,1050,232,776,227,869,265,2291,342,429,134
86000US11106,"11106",16088,705,579,183,1634,302,2186,453,1886,324,2085,436,1212,274,1184,271,1071,237,3679,488,572,241
86000US11109,"11109",3281,331,176,98,347,136,532,317,632,206,485,221,308,177,79,57,205,148,420,170,97,62
86000US11201,"11201",21810,1122,1741,379,2448,384,3249,459,3070,620,2051,344,2082,411,925,307,1293,300,4080,615,871,295
86000US11203,"11203",17665,848,669,214,1288,312,1816,395,1467,320,1591,334,1388,287,1289,370,1310,344,5458,532,1389,363
86000US11204,"11204",16297,996,553,214,935,202,1773,393,1892,346,1235,322,1080,298,1272,472,1551,294,4963,668,1043,228
86000US11205,"11205",12908,629,982,298,1162,252,1411,343,1589,317,1581,283,865,242,792,246,599,246,3544,485,383,185
86000US11206,"11206",30955,1020,1738,423,1940,366,3026,432,3792,587,3968,589,3719,627,2259,435,2032,513,7470,738,1011,318
86000US11207,"11207",26405,1076,1321,389,1876,366,2249,479,2854,508,2371,417,2398,515,1708,381,1939,437,7510,706,2179,574
86000US11208,"11208",25836,1231,2216,500,1779,319,2442,486,2475,576,2188,404,1630,326,1774,604,1979,417,7574,1001,1779,487
86000US11209,"11209",19413,807,980,224,1915,380,2764,328,2155,319,2021,318,1557,290,866,212,1078,261,5101,445,976,214
86000US11210,"11210",11562,851,341,126,1026,335,1256,318,1127,243,1271,279,830,239,696,227,978,312,3513,476,524,234
86000US11211,"11211",23292,1141,1653,404,2491,387,3115,474,3144,785,2719,582,1394,357,912,294,1240,276,5879,617,745,259
86000US11212,"11212",28705,1254,1479,395,2283,446,2511,731,2897,713,2432,553,2042,520,2020,624,2314,551,9035,1138,1692,447
86000US11213,"11213",22771,1047,936,231,1900,556,2877,534,2582,400,1767,290,2007,404,1380,380,2034,544,6603,707,685,244
86000US11214,"11214",20173,802,896,266,1453,268,2005,281,2239,444,1941,377,1857,371,1015,239,1657,321,6028,555,1082,231
86000US11215,"11215",17187,965,1082,222,2388,501,2720,358,2524,495,2135,486,1338,268,761,199,1204,304,2372,446,663,238
86000US11216,"11216",21352,989,976,258,1987,346,2393,385,3500,575,2925,461,1554,304,1168,271,1657,380,4473,598,719,229
86000US11217,"11217",14671,770,921,258,1851,344,2270,338,1922,305,1516,319,1432,397,711,272,1009,261,2688,353,351,124
86000US11218,"11218",15656,980,863,225,1526,301,1948,288,1684,311,1356,339,1220,497,748,300,1331,344,4459,600,521,245
86000US11219,"11219",18374,738,934,297,1003,232,1396,323,1641,390,1893,431,1005,233,1265,385,1465,331,6849,618,923,199
86000US11220,"11220",20836,946,714,198,1554,295,2267,395,2315,449,1957,364,1791,393,1087,282,1689,313,6563,419,899,265
86000US11221,"11221",28796,1312,1136,282,2172,413,3318,568,3156,550,3655,587,2472,407,1618,361,2093,399,8053,865,1123,341
86000US11222,"11222",17452,741,585,164,1588,274,2892,416,2980,489,1871,304,1350,270,1186,302,1369,346,3139,531,492,194
86000US11223,"11223",16930,688,598,160,1357,338,1427,267,1668,244,1422,297,1186,271,916,252,1508,317,6011,599,837,181
86000US11224,"11224",14886,791,941,319,1151,360,1144,313,889,260,1877,394,2145,519,848,299,732,263,4426,639,733,271
86000US11225,"11225",20085,908,1343,344,2104,516,2573,415,2435,457,2301,392,1211,297,810,226,1572,440,5410,770,326,140
86000US11226,"11226",32796,1332,1152,288,3530,592,4457,608,3278,495,3705,495,2727,441,1845,367,2773,524,8485,693,844,271
86000US11228,"11228",6633,634,303,109,454,165,827,231,637,159,526,149,314,130,424,142,637,339,2061,436,450,134
86000US11229,"11229",16211,803,1206,294,1226,302,1647,338,1602,353,1505,370,1121,295,895,240,1302,257,4771,431,936,236
86000US11230,"11230",22864,897,904,227,1389,253,2359,440,2192,455,2340,393,1829,353,1428,282,2110,449,6887,646,1426,320
86000US11231,"11231",11665,667,797,237,1384,366,1925,465,1872,425,1392,341,670,226,653,279,768,314,1542,335,662,268
86000US11232,"11232",6825,678,441,353,778,235,687,218,742,200,752,302,618,289,359,160,458,207,1713,350,277,162
86000US11233,"11233",25133,1194,2075,457,1450,372,2278,468,2470,451,2661,573,1944,512,1618,421,2155,521,6960,815,1522,479
86000US11234,"11234",9438,706,445,195,783,191,899,172,782,171,966,285,920,241,358,146,826,254,2384,362,1075,279
86000US11235,"11235",22727,955,878,229,1305,295,1727,358,1474,353,2189,489,2100,468,1454,332,2245,457,7823,692,1532,309
86000US11236,"11236",15014,821,857,186,1227,294,1493,333,1393,279,1663,355,893,222,797,219,1550,406,4225,596,916,253
86000US11237,"11237",16011,840,481,169,1118,252,1508,325,1986,333,1650,401,1518,347,924,281,1877,467,4577,594,372,205
86000US11238,"11238",20189,805,837,249,2567,400,3476,440,2839,447,2252,368,1715,355,996,259,1102,256,3722,596,683,258
86000US11239,"11239",7487,640,736,301,386,181,735,200,546,207,933,273,1110,380,528,230,616,242,1671,313,226,141
86000US11249,"11249",15001,864,755,287,2078,433,2333,440,2479,544,1475,343,984,284,819,260,1039,364,2717,574,322,131
86000US11354,"11354",12584,966,308,173,997,504,953,248,1135,333,755,248,1003,357,1193,441,1139,404,4119,738,982,326
86000US11355,"11355",20690,1181,557,333,1369,394,1872,539,1692,380,1007,326,1657,413,1886,629,1771,402,6765,741,2114,450
86000US11356,"11356",4101,457,121,102,262,158,423,200,515,297,288,169,112,92,254,148,378,173,1545,359,203,132
86000US11357,"11357",3577,569,68,55,232,125,574,314,334,133,270,140,249,160,181,126,173,92,1296,386,200,122
86000US11358,"11358",5594,536,144,101,354,136,499,160,637,217,545,175,536,243,321,151,231,102,1845,318,482,150
86000US11359,"11359",0,14,0,14,0,14,0,14,0,14,0,14,0,14,0,14,0,14,0,14,0,14
86000US11360,"11360",2120,366,50,45,189,124,202,97,246,133,192,115,180,151,111,126,139,64,496,192,315,199
86000US11361,"11361",4614,342,62,35,546,147,560,205,555,177,412,124,434,167,153,89,316,127,1087,240,489,149
86000US11362,"11362",1800,478,110,103,58,69,243,138,175,112,392,336,239,206,180,136,7,8,250,129,146,124
86000US11363,"11363",769,212,11,17,45,56,68,45,66,59,45,38,163,168,0,19,71,57,262,114,38,37
86000US11364,"11364",3993,505,83,62,219,127,609,197,329,197,245,109,352,220,128,88,304,161,1288,386,436,163
86000US11365,"11365",8779,695,318,149,854,269,974,298,1020,383,819,257,1118,382,466,278,592,223,1876,398,742,480
86000US11366,"11366",1294,351,31,42,73,65,89,66,415,334,152,101,108,85,105,75,63,50,161,94,97,80
86000US11367,"11367",7161,622,356,180,581,295,535,186,710,265,856,268,776,344,332,172,625,188,2010,509,380,174
86000US11368,"11368",23144,1007,934,393,1312,492,2420,480,2521,503,2667,516,1561,349,1746,372,2375,548,6817,678,791,368
86000US11369,"11369",5442,548,28,20,276,123,476,198,646,178,769,215,643,216,435,174,675,240,1355,318,139,94
86000US11370,"11370",5050,638,51,54,355,171,325,126,614,327,806,322,355,170,302,176,570,243,1451,355,221,123
86000US11371,"11371",0,14,0,14,0,14,0,14,0,14,0,14,0,14,0,14,0,14,0,14,0,14
86000US11372,"11372",16088,1023,957,395,1184,329,1834,487,1723,327,1414,440,1218,365,884,266,1069,316,4836,647,969,365
86000US11373,"11373",23884,1040,788,223,1672,314,2327,422,2083,348,2508,581,2544,487,1541,336,2349,485,7283,877,789,345
86000US11374,"11374",11417,766,525,210,828,252,1231,315,1443,297,1080,378,934,258,568,283,1102,262,3149,504,557,166
86000US11375,"11375",16855,784,834,223,1753,372,2273,383,2006,425,1563,329,981,315,973,304,1350,310,4101,556,1021,272
86000US11377,"11377",23705,1186,1219,498,1653,348,2263,286,2722,492,2933,656,2655,539,2101,377,1928,345,5474,612,757,263
86000US11378,"11378",5753,471,243,112,314,130,730,191,529,187,562,141,502,161,363,130,563,168,1573,287,374,110
86000US11379,"11379",5626,530,222,103,467,152,661,223,548,159,589,185,413,176,242,113,439,157,1573,276,472,157
86000US11385,"11385",26193,1032,1263,272,2629,374,3151,347,3116,469,3022,501,2226,483,1493,322,2478,340,5525,648,1290,361
86000US11411,"11411",1016,210,85,59,107,86,33,31,88,66,61,44,134,61,58,65,70,52,314,107,66,45
86000US11412,"11412",3422,421,167,81,322,137,422,181,222,103,336,118,306,121,283,176,245,91,926,196,193,81
86000US11413,"11413",3693,471,237,116,485,222,415,176,219,98,345,130,282,139,327,161,246,137,941,217,196,91
86000US11414,"11414",3056,421,106,85,157,135,478,201,146,119,297,165,215,129,205,163,181,149,985,307,286,236
86000US11415,"11415",5043,480,190,76,354,144,495,173,662,209,541,197,468,153,332,161,250,107,1615,324,136,93
86000US11416,"11416",3864,381,80,58,316,132,200,101,372,172,490,181,414,139,226,104,307,143,1313,246,146,69
86000US11417,"11417",3968,396,183,92,474,152,325,127,517,241,273,140,205,93,284,150,278,113,1206,312,223,104
86000US11418,"11418",6031,626,314,109,464,162,519,201,686,267,660,204,344,135,409,151,414,162,1757,347,464,229
86000US11419,"11419",5084,605,289,159,410,143,348,125,456,145,373,126,457,162,494,340,399,171,1646,353,212,92
86000US11420,"11420",3909,458,145,81,242,110,560,179,445,193,242,110,472,261,199,118,215,99,1158,285,231,97
86000US11421,"11421",5474,568,192,115,491,185,580,229,422,153,560,242,338,155,244,127,498,285,1540,241,609,286
86000US11422,"11422",3330,502,170,134,193,129,269,128,488,217,365,244,256,143,360,204,276,165,867,325,86,68
86000US11423,"11423",4262,532,224,123,256,125,301,136,348,135,403,188,386,114,241,115,329,160,1385,358,389,263
86000US11424,"11424",0,14,0,14,0,14,0,14,0,14,0,14,0,14,0,14,0,14,0,14,0,14
86000US11426,"11426",1905,405,26,44,189,117,364,280,200,111,91,52,177,130,90,73,371,195,334,176,63,54
86000US11427,"11427",3076,358,86,70,193,104,325,149,436,207,433,175,361,155,83,66,309,148,811,219,39,32
86000US11428,"11428",1580,269,29,24,48,36,160,91,64,72,150,88,52,51,83,64,168,106,720,250,106,70
86000US11429,"11429",2220,452,72,63,131,95,191,123,146,91,318,147,134,84,44,53,426,389,567,205,191,91
86000US11430,"11430",0,14,0,14,0,14,0,14,0,14,0,14,0,14,0,14,0,14,0,14,0,14
86000US11432,"11432",13346,1076,491,196,1028,484,1161,274,1508,443,1318,310,954,268,784,243,1133,313,4385,659,584,169
86000US11433,"11433",5898,471,278,182,517,221,420,156,603,243,370,184,723,262,376,163,711,195,1701,357,199,122
86000US11434,"11434",11999,867,906,305,1065,266,1473,362,1338,375,892,278,1110,389,536,177,910,271,3168,666,601,219
86000US11435,"11435",12853,945,475,178,1144,311,1079,237,1198,297,1479,357,1516,362,942,298,1071,345,3361,510,588,209
86000US11436,"11436",2294,274,102,62,154,79,167,80,272,112,136,80,140,80,98,51,160,89,912,198,153,95
86000US11439,"11439",0,14,0,14,0,14,0,14,0,14,0,14,0,14,0,14,0,14,0,14,0,14
86000US11451,"11451",0,14,0,14,0,14,0,14,0,14,0,14,0,14,0,14,0,14,0,14,0,14
86000US11509,"11509",93,41,0,14,5,7,3,5,12,14,23,20,0,14,8,12,4,6,31,22,7,8
86000US11559,"11559",629,242,0,19,52,60,159,123,41,42,59,66,30,47,0,19,37,42,205,133,46,48
86000US11580,"11580",2204,512,0,29,151,107,358,395,225,128,93,81,281,199,207,155,122,90,644,235,123,79
86000US11581,"11581",1181,351,26,28,84,95,42,42,384,257,45,42,108,94,18,29,69,74,346,219,59,51
86000US11691,"11691",16665,865,1049,456,1126,290,915,258,1993,502,1893,468,1332,452,1320,324,1426,461,4702,699,909,285
86000US11692,"11692",5400,505,342,145,471,196,405,125,408,184,251,142,426,206,560,205,412,160,1734,379,391,247
86000US11693,"11693",2847,418,112,83,238,112,240,127,301,117,375,206,220,114,87,95,171,107,907,303,196,132
86000US11694,"11694",3963,414,310,175,263,124,685,274,572,191,284,144,332,161,276,165,127,101,816,246,298,143
86000US11697,"11697",15,17,0,14,0,14,5,7,0,14,0,14,0,14,0,14,0,14,10,15,0,14
