geoid,name,B25034001,"B25034001, Error",B25034002,"B25034002, Error",B25034003,"B25034003, Error",B25034004,"B25034004, Error",B25034005,"B25034005, Error",B25034006,"B25034006, Error",B25034007,"B25034007, Error",B25034008,"B25034008, Error",B25034009,"B25034009, Error",B25034010,"B25034010, Error",B25034011,"B25034011, Error"
06000US3600508510,"Bronx borough, Bronx County, NY",559415,647,4712,680,34891,1821,34432,2047,23907,1715,25475,1626,47939,2181,74371,2327,71994,2714,55263,2540,186431,3448
06000US3604710022,"Brooklyn borough, Kings County, NY",1100772,433,11355,819,80847,2305,60579,2293,30733,1628,35547,1607,55203,1720,105003,2774,113451,3049,90305,2131,517749,4570
06000US3606144919,"Manhattan borough, New York County, NY",923472,742,4242,648,51551,2393,56191,2777,31126,1975,58621,2217,69767,2692,116832,3478,80417,2711,58675,2397,396050,4686
06000US3608160323,"Queens borough, Queens County, NY",910206,311,6062,534,47469,1618,40537,1583,27290,1503,37141,1734,57419,2080,119410,2800,177046,3167,125195,2723,272637,3470
06000US3608570915,"Staten Island borough, Richmond County, NY",184621,117,918,283,9076,866,16844,983,18833,1090,28606,1170,28669,1598,24087,1201,17344,1238,7861,668,32383,1508
16000US3651000,"New York, NY",3678486,1496,27289,1327,223834,4399,208583,4997,131889,3906,185390,4013,258997,4156,439703,5691,460252,5831,337299,5509,1405250,8156
86000US07002,"07002",30786,825,535,219,1883,418,1717,362,848,246,1616,345,3108,455,3504,491,3601,503,2849,587,11125,742
86000US07008,"07008",8747,460,101,91,594,255,1073,386,159,94,602,281,504,148,1370,294,2371,392,676,292,1297,255
86000US07020,"07020",7872,501,9,33,1064,333,1970,376,1181,309,1254,310,506,221,479,233,202,123,358,174,849,412
86000US07024,"07024",19659,693,324,152,1675,285,886,253,1279,342,2657,420,3212,437,3944,483,3396,514,1318,293,968,222
86000US07030,"07030",30259,732,243,140,3070,406,6671,628,2359,406,2237,400,1798,311,1612,326,1475,325,1050,252,9744,785
86000US07036,"07036",16925,466,92,76,756,261,765,186,729,253,1605,343,1355,289,1729,345,3879,461,2789,344,3226,461
86000US07047,"07047",24959,755,128,91,1266,334,1257,349,1493,352,2057,422,3393,637,3304,494,2492,436,2208,396,7361,639
86000US07064,"07064",1144,127,0,14,75,61,10,14,57,47,105,60,37,39,361,72,267,95,81,56,151,79
86000US07077,"07077",1291,202,0,14,47,39,19,21,189,134,124,73,77,56,182,84,175,103,82,46,396,203
86000US07086,"07086",9563,406,437,173,2268,413,678,215,394,132,439,190,421,172,280,90,476,253,542,160,3628,405
86000US07093,"07093",27212,777,163,85,2390,455,3079,523,1893,337,2306,490,3357,527,3378,486,2542,537,2444,450,5660,799
86000US07202,"07202",15926,686,141,124,1283,300,904,270,619,210,437,167,1445,423,2001,343,2598,470,2552,425,3946,524
86000US07206,"07206",9872,516,18,28,723,207,1900,417,540,282,568,184,446,223,633,230,757,243,1722,433,2565,415
86000US07302,"07302",31029,890,1028,233,8486,743,6250,740,1791,452,1799,346,1506,285,1428,343,1079,256,635,202,7027,583
86000US07305,"07305",28018,966,191,107,2012,440,3019,550,3011,493,2418,537,1577,343,2728,453,3566,503,2314,470,7182,725
86000US07310,"07310",8587,487,256,130,3041,430,1975,335,1224,303,1578,400,181,119,41,58,14,26,37,40,240,148
86000US07311,"07311",1132,349,0,14,808,298,41,47,240,174,0,14,20,26,0,14,0,14,0,14,23,37
86000US07620,"07620",593,72,4,5,37,17,69,26,41,19,180,61,50,22,118,45,30,16,21,21,43,24
86000US07632,"07632",2079,156,74,91,117,63,282,100,82,60,272,119,150,91,481,150,484,151,44,46,93,55
86000US07670,"07670",5420,229,117,63,524,182,336,161,340,116,407,177,348,142,371,130,1215,250,431,163,1331,282
86000US08861,"08861",21166,838,313,170,1438,377,2012,436,1387,354,1176,323,1985,386,2234,424,2306,502,2072,593,6243,765
86000US10001,"10001",18356,857,280,166,5049,525,2404,422,296,182,590,236,423,206,3290,480,553,288,508,236,4963,612
86000US10002,"10002",40696,1307,403,178,1940,387,1590,323,1313,357,2373,921,3566,583,4822,636,6003,765,2838,497,15848,1239
86000US10003,"10003",30413,1034,50,64,683,170,989,249,558,196,1555,334,1560,330,4611,587,2456,395,1425,400,16526,996
86000US10004,"10004",2247,421,0,14,221,205,421,232,44,42,115,48,18,26,33,29,5,7,6,8,1384,346
86000US10005,"10005",6606,568,0,19,161,138,841,314,601,360,125,135,515,269,393,217,339,250,218,222,3413,548
86000US10006,"10006",2485,312,0,14,224,172,76,76,26,42,42,51,26,42,22,34,126,133,56,57,1887,328
86000US10007,"10007",3870,552,13,23,268,134,1352,361,385,190,521,240,61,65,62,58,124,113,0,19,1084,377
86000US10009,"10009",32252,1224,21,12,1562,427,1177,300,958,309,1331,378,1602,413,3300,580,2430,522,8701,861,11170,902
86000US10010,"10010",19060,1363,0,29,1145,408,1085,318,320,176,1065,303,2786,487,2466,753,1079,357,2592,427,6522,828
86000US10011,"10011",34845,1433,99,88,1824,570,3109,540,1045,342,965,245,1751,428,4815,735,2004,411,992,299,18241,1087
86000US10012,"10012",14529,880,52,63,353,177,531,204,373,172,713,225,686,263,1216,274,799,232,268,113,9538,980
86000US10013,"10013",15787,1300,12,23,1536,594,1392,311,389,132,479,273,830,291,467,223,151,104,218,109,10313,1120
86000US10014,"10014",21644,1009,136,60,383,175,813,247,165,122,1225,355,710,215,1906,428,827,232,761,237,14718,911
86000US10016,"10016",37219,1682,203,184,3227,630,2240,417,1772,557,5702,839,4207,741,6044,1143,2458,487,1833,369,9533,993
86000US10017,"10017",12801,953,36,57,988,440,869,313,144,87,1609,472,490,211,2236,583,1216,432,404,203,4809,695
86000US10018,"10018",5677,445,89,81,1980,395,1422,295,126,76,125,87,3,5,264,158,110,108,71,50,1487,405
86000US10019,"10019",33109,1684,39,52,3610,434,3674,839,2575,789,3753,721,2667,549,3679,951,1686,564,2087,487,9339,1101
86000US10020,"10020",0,14,0,14,0,14,0,14,0,14,0,14,0,14,0,14,0,14,0,14,0,14
86000US10021,"10021",30186,1470,0,29,345,158,595,235,1127,472,3642,766,2956,747,7890,1053,2996,500,1607,447,9028,1007
86000US10022,"10022",25715,1165,80,89,791,277,1071,366,1143,553,1524,361,2812,479,5050,689,4783,622,1107,337,7354,856
86000US10023,"10023",46860,1714,276,206,3850,561,2401,472,2258,385,3312,570,3411,591,6982,983,2299,460,1909,523,20162,1500
86000US10024,"10024",36791,1738,0,32,982,406,269,132,614,353,3288,1027,1612,468,862,284,1312,609,1495,487,26357,1250
86000US10025,"10025",47746,1410,260,220,889,274,1720,441,545,256,1465,401,2412,592,5395,759,3196,748,1826,442,30038,1537
86000US10026,"10026",17853,895,145,80,985,265,2834,677,554,223,1196,359,739,206,985,312,1760,406,1089,319,7566,741
86000US10027,"10027",28507,1097,549,212,1670,315,1430,322,890,301,787,250,1350,336,1688,370,4851,701,2000,414,13292,924
86000US10028,"10028",30568,1685,179,176,466,248,1041,612,732,319,2247,496,2153,539,7150,977,3972,881,1129,363,11499,1232
86000US10029,"10029",37055,1565,241,99,1987,393,2384,392,1149,458,1234,346,4101,598,7281,1301,6659,862,2319,537,9700,1060
86000US10030,"10030",14827,807,65,63,506,244,543,251,1276,391,531,254,514,185,1445,471,1137,395,615,212,8195,902
86000US10031,"10031",24305,840,101,95,503,242,431,165,292,157,537,203,1969,385,1022,277,1768,426,1440,407,16242,893
86000US10032,"10032",23292,910,0,32,1079,377,235,135,514,206,388,197,910,382,1720,490,944,296,2908,628,14594,1082
86000US10033,"10033",21607,889,90,89,116,74,471,505,232,147,205,115,503,208,1489,440,855,273,2150,437,15496,802
86000US10034,"10034",16551,619,69,105,89,63,185,98,61,50,460,190,646,277,1112,329,2000,398,2313,445,9616,615
86000US10035,"10035",17188,840,171,90,1843,449,2185,473,955,284,689,188,2254,409,1550,398,2500,385,758,337,4283,628
86000US10036,"10036",22746,1366,96,145,4312,634,4854,758,1378,418,1567,343,2577,616,1028,440,474,222,852,357,5608,655
86000US10037,"10037",10924,624,0,21,579,238,250,143,214,117,279,183,971,296,2449,491,3480,489,1547,432,1155,332
86000US10038,"10038",12256,819,131,109,1666,423,1066,377,260,151,289,147,1942,456,1757,664,1469,229,641,309,3035,552
86000US10039,"10039",14049,731,31,50,653,246,1182,435,179,123,570,288,696,225,4088,541,1397,437,958,347,4295,557
86000US10040,"10040",17131,772,0,29,205,152,127,115,253,167,198,99,394,194,1923,405,2208,428,2060,394,9763,810
86000US10044,"10044",5978,501,102,102,609,216,1009,226,284,210,892,260,2150,310,522,249,52,42,0,21,358,142
86000US10065,"10065",22448,992,0,29,242,120,597,240,506,239,1370,342,2252,497,5999,778,2733,604,1473,420,7276,888
86000US10069,"10069",3392,626,0,19,781,488,1838,428,615,187,81,83,0,19,35,46,42,47,0,19,0,19
86000US10075,"10075",15218,1191,118,184,105,130,490,480,470,329,1570,465,1773,512,2865,781,1624,645,861,340,5342,843
86000US10103,"10103",0,14,0,14,0,14,0,14,0,14,0,14,0,14,0,14,0,14,0,14,0,14
86000US10110,"10110",0,14,0,14,0,14,0,14,0,14,0,14,0,14,0,14,0,14,0,14,0,14
86000US10111,"10111",0,14,0,14,0,14,0,14,0,14,0,14,0,14,0,14,0,14,0,14,0,14
86000US10112,"10112",0,14,0,14,0,14,0,14,0,14,0,14,0,14,0,14,0,14,0,14,0,14
86000US10115,"10115",0,14,0,14,0,14,0,14,0,14,0,14,0,14,0,14,0,14,0,14,0,14
86000US10119,"10119",0,14,0,14,0,14,0,14,0,14,0,14,0,14,0,14,0,14,0,14,0,14
86000US10128,"10128",36176,1439,73,72,721,187,1512,353,1772,369,4132,621,5817,827,3763,619,2821,647,2305,518,13260,1082
86000US10152,"10152",87,53,0,14,30,42,23,36,0,14,0,14,0,14,0,14,0,14,12,19,22,36
86000US10153,"10153",0,14,0,14,0,14,0,14,0,14,0,14,0,14,0,14,0,14,0,14,0,14
86000US10154,"10154",0,14,0,14,0,14,0,14,0,14,0,14,0,14,0,14,0,14,0,14,0,14
86000US10162,"10162",899,347,0,14,19,30,0,14,0,14,0,14,175,145,574,340,29,36,27,38,75,74
86000US10165,"10165",0,14,0,14,0,14,0,14,0,14,0,14,0,14,0,14,0,14,0,14,0,14
86000US10167,"10167",0,14,0,14,0,14,0,14,0,14,0,14,0,14,0,14,0,14,0,14,0,14
86000US10168,"10168",0,14,0,14,0,14,0,14,0,14,0,14,0,14,0,14,0,14,0,14,0,14
86000US10169,"10169",0,14,0,14,0,14,0,14,0,14,0,14,0,14,0,14,0,14,0,14,0,14
86000US10170,"10170",0,14,0,14,0,14,0,14,0,14,0,14,0,14,0,14,0,14,0,14,0,14
86000US10171,"10171",0,14,0,14,0,14,0,14,0,14,0,14,0,14,0,14,0,14,0,14,0,14
86000US10172,"10172",0,14,0,14,0,14,0,14,0,14,0,14,0,14,0,14,0,14,0,14,0,14
86000US10173,"10173",0,14,0,14,0,14,0,14,0,14,0,14,0,14,0,14,0,14,0,14,0,14
86000US10174,"10174",0,14,0,14,0,14,0,14,0,14,0,14,0,14,0,14,0,14,0,14,0,14
86000US10177,"10177",0,14,0,14,0,14,0,14,0,14,0,14,0,14,0,14,0,14,0,14,0,14
86000US10199,"10199",0,14,0,14,0,14,0,14,0,14,0,14,0,14,0,14,0,14,0,14,0,14
86000US10271,"10271",0,14,0,14,0,14,0,14,0,14,0,14,0,14,0,14,0,14,0,14,0,14
86000US10278,"10278",0,14,0,14,0,14,0,14,0,14,0,14,0,14,0,14,0,14,0,14,0,14
86000US10279,"10279",98,78,0,14,98,78,0,14,0,14,0,14,0,14,0,14,0,14,0,14,0,14
86000US10280,"10280",4880,732,32,52,53,65,0,19,662,420,3609,609,524,310,0,19,0,19,0,19,0,19
86000US10282,"10282",2841,362,0,19,223,118,1394,311,921,362,199,149,46,55,0,19,22,36,0,19,36,63
86000US10301,"10301",16628,613,114,97,539,187,1028,201,646,209,793,192,1374,247,2327,403,2126,389,1236,232,6445,642
86000US10302,"10302",6658,527,34,53,349,199,639,217,450,139,265,184,206,121,611,212,803,263,677,193,2624,426
86000US10303,"10303",9684,505,32,64,376,146,1250,303,1554,319,1618,320,651,196,965,236,721,228,388,141,2129,354
86000US10304,"10304",17190,798,87,73,1625,420,1314,237,1363,268,1655,317,1609,457,2110,360,2538,556,884,288,4005,481
86000US10305,"10305",17049,836,94,63,698,203,2279,549,1783,356,1719,298,2600,379,2638,359,1601,342,735,254,2902,555
86000US10306,"10306",21383,818,72,72,1089,314,1402,252,1611,302,2411,420,2995,502,5014,448,2956,549,912,226,2921,507
86000US10307,"10307",5564,286,146,182,521,212,855,218,1319,359,789,269,201,131,106,93,81,61,266,121,1280,258
86000US10308,"10308",11243,628,0,29,438,278,647,252,1342,317,1405,379,3068,403,2172,384,679,258,534,212,958,305
86000US10309,"10309",12921,805,138,107,1112,363,1881,350,2457,399,4259,548,959,489,626,204,488,346,142,82,859,291
86000US10310,"10310",9866,604,0,25,245,136,959,266,586,260,487,154,554,186,962,263,1213,364,612,261,4248,448
86000US10311,"10311",0,14,0,14,0,14,0,14,0,14,0,14,0,14,0,14,0,14,0,14,0,14
86000US10312,"10312",22697,830,102,69,973,262,3029,427,3487,387,4817,646,5395,489,2216,333,1094,332,444,162,1140,253
86000US10314,"10314",33738,758,99,89,1111,296,1561,315,2235,388,8388,610,9057,912,4340,559,3044,429,1031,294,2872,420
86000US10451,"10451",23071,930,841,348,3729,632,3018,602,844,311,1049,305,1336,415,3711,707,2050,421,2347,669,4146,716
86000US10452,"10452",29162,939,179,128,1837,383,2645,487,1555,436,2454,511,2375,454,2424,585,3175,717,2584,559,9934,847
86000US10453,"10453",28564,932,153,134,1919,359,1869,547,1500,480,2409,518,3572,514,2625,490,2765,503,2471,563,9281,976
86000US10454,"10454",15612,675,140,92,1918,459,1324,368,845,305,690,266,2015,532,2464,480,1419,322,1031,321,3766,662
86000US10455,"10455",16946,876,420,168,1047,274,1199,411,1622,480,1110,344,1571,440,2252,450,2072,476,1606,563,4047,661
86000US10456,"10456",33538,1370,88,77,3657,670,4783,645,1704,400,1376,355,2932,622,4180,712,2932,661,3634,806,8252,957
86000US10457,"10457",28479,979,233,185,3426,425,2356,443,2292,498,1432,328,2665,572,2507,524,2050,447,2354,487,9164,818
86000US10458,"10458",30732,1105,396,176,1613,450,955,273,763,231,788,264,1630,341,1729,379,1942,406,2171,502,18745,1068
86000US10459,"10459",18835,834,457,232,2491,507,3476,489,2230,459,1978,439,1421,288,1150,335,1268,341,1068,280,3296,629
86000US10460,"10460",24516,799,368,179,3222,547,1982,390,2166,446,1644,442,2483,455,1674,362,1398,419,1088,302,8491,722
86000US10461,"10461",20669,591,173,134,872,264,996,324,415,149,549,206,1770,335,2894,414,2998,490,2169,426,7833,646
86000US10462,"10462",32013,893,114,68,935,253,780,209,398,151,514,203,1857,438,2256,403,4157,531,7202,700,13800,844
86000US10463,"10463",30920,1106,116,78,626,228,1043,261,889,334,764,221,2633,380,6009,653,7153,778,2771,627,8916,765
86000US10464,"10464",2191,243,0,14,42,40,141,129,46,57,226,134,63,53,77,72,24,40,98,81,1474,285
86000US10465,"10465",17385,687,32,46,468,146,947,208,1123,365,761,272,1416,445,2865,384,4407,460,1290,282,4076,516
86000US10466,"10466",26146,1072,51,55,590,295,994,322,747,263,664,252,1636,368,4164,612,4945,701,2979,431,9376,1062
86000US10467,"10467",40791,1064,186,113,1966,343,1770,356,961,229,1253,285,2622,444,4905,507,5645,653,4631,678,16852,1078
86000US10468,"10468",29614,1414,230,111,1989,589,341,148,557,229,1204,463,2081,401,2582,619,2408,555,1519,335,16703,1030
86000US10469,"10469",25373,999,22,24,499,172,1339,316,506,203,1138,362,1591,311,3104,413,6179,648,3887,473,7108,764
86000US10470,"10470",7050,464,27,31,249,139,45,29,106,113,191,112,363,185,920,219,1156,229,850,214,3143,573
86000US10471,"10471",9682,454,0,25,298,116,218,188,194,95,227,108,609,180,3040,307,1719,365,835,280,2542,331
86000US10472,"10472",24627,654,317,140,327,145,293,127,543,176,354,147,923,225,3315,558,5493,555,2215,346,10847,585
86000US10473,"10473",23492,923,32,38,794,260,1461,367,923,322,2058,380,3593,561,6189,784,2386,426,2131,515,3925,654
86000US10474,"10474",4082,308,72,81,117,81,306,149,210,108,295,154,188,100,480,150,540,232,936,359,938,218
86000US10475,"10475",19627,928,65,82,260,158,220,150,948,346,419,259,4801,746,7437,957,2381,645,1692,377,1404,418
86000US10550,"10550",16161,771,71,72,658,239,576,202,717,298,1738,405,2131,435,1487,349,1946,529,1692,379,5145,749
86000US10704,"10704",12750,622,37,48,252,151,253,139,272,150,527,201,1316,337,1698,340,2899,405,1355,307,4141,540
86000US10705,"10705",15641,867,31,37,536,213,534,197,824,280,985,254,1870,437,1692,439,2533,453,1792,501,4844,514
86000US10803,"10803",4465,254,12,20,23,24,110,77,82,58,94,81,116,67,355,132,551,142,217,77,2905,299
86000US10805,"10805",8825,572,101,76,116,118,354,122,389,182,673,191,822,281,1167,266,2047,323,670,382,2486,420
86000US11001,"11001",9048,387,16,17,93,43,125,64,95,67,128,69,449,153,668,206,2035,335,1061,181,4378,351
86000US11003,"11003",12599,692,69,63,110,65,357,154,287,161,552,230,761,218,1261,488,3680,413,3313,477,2209,415
86000US11004,"11004",5471,467,0,21,31,35,55,55,0,21,266,166,249,130,511,182,2523,429,1622,322,214,127
86000US11005,"11005",2015,248,0,14,0,14,10,16,0,14,135,68,1478,275,222,99,10,16,60,40,100,74
86000US11020,"11020",1831,224,8,10,104,53,29,26,28,26,138,98,47,34,229,101,634,199,240,77,374,92
86000US11021,"11021",8699,413,34,33,486,248,121,58,195,107,582,192,521,142,1433,249,2064,338,1120,208,2143,271
86000US11040,"11040",14623,626,135,132,330,149,431,181,117,62,271,96,638,172,1662,301,5536,561,3808,446,1695,299
86000US11042,"11042",0,14,0,14,0,14,0,14,0,14,0,14,0,14,0,14,0,14,0,14,0,14
86000US11096,"11096",2861,254,0,21,74,65,257,118,112,74,165,146,146,104,241,106,364,150,266,123,1236,226
86000US11101,"11101",28026,1011,1859,369,13851,778,2032,326,272,147,149,83,319,142,539,203,1138,307,2671,606,5196,550
86000US11102,"11102",19592,790,233,142,2164,462,1836,341,903,236,836,191,1097,212,1552,284,1944,347,1693,339,7334,610
86000US11103,"11103",18999,757,142,124,886,191,743,233,381,149,514,164,1197,262,1120,221,2361,324,2541,406,9114,728
86000US11104,"11104",13174,514,14,23,275,145,60,46,334,163,350,143,578,155,991,225,1789,333,2407,389,6376,495
86000US11105,"11105",17786,550,59,54,448,158,381,124,188,73,409,140,1021,233,1623,270,2926,387,2992,377,7739,604
86000US11106,"11106",22097,787,241,127,1964,279,824,241,596,193,423,207,1489,358,1976,408,3359,443,2464,410,8761,718
86000US11109,"11109",4921,535,0,19,2502,466,1571,334,640,353,0,19,0,19,80,92,51,56,7,14,70,86
86000US11201,"11201",37323,1012,871,236,7766,670,4471,470,767,229,549,191,974,241,1646,382,3966,519,1314,319,14999,904
86000US11203,"11203",33804,840,83,76,2060,321,1051,320,719,262,346,128,939,245,2431,327,4433,461,4746,454,16996,814
86000US11204,"11204",27285,1120,190,87,562,160,941,298,665,181,859,200,686,172,1516,243,1673,279,1792,253,18401,1081
86000US11205,"11205",19740,708,175,97,2170,359,1984,402,291,128,679,208,485,162,1771,340,2075,446,2943,414,7167,600
86000US11206,"11206",35906,1060,494,196,4897,519,4890,608,1573,360,1313,290,2109,448,4697,570,3128,549,2813,505,9992,670
86000US11207,"11207",38824,973,345,182,2903,421,3243,471,3524,508,1859,368,2257,396,3981,573,3802,490,2864,480,14046,947
86000US11208,"11208",36994,1160,102,84,1750,339,2348,477,1868,463,2083,476,2252,365,3064,491,3761,531,2907,445,16859,1117
86000US11209,"11209",33090,788,17,25,330,110,785,182,495,167,844,176,1085,267,3177,345,4098,395,2741,354,19518,766
86000US11210,"11210",23115,827,356,123,631,168,632,297,288,127,422,255,928,238,2117,267,3636,493,2922,484,11183,655
86000US11211,"11211",29447,1158,373,147,5971,890,3439,562,1076,337,1019,268,921,216,1303,349,2089,494,1405,341,11851,822
86000US11212,"11212",34932,1233,607,268,1871,491,1578,412,1192,356,2912,801,3644,694,3788,672,5430,866,3722,648,10188,1028
86000US11213,"11213",29389,889,271,180,1643,340,975,236,411,120,1007,249,1393,260,844,204,1859,343,2219,387,18767,938
86000US11214,"11214",33043,882,42,58,1076,289,1710,282,787,171,1135,280,1795,303,4490,498,3302,409,3429,473,15277,786
86000US11215,"11215",32323,1266,129,59,1678,298,1561,220,534,203,763,220,575,231,1025,287,1036,248,1738,354,23284,1090
86000US11216,"11216",28995,950,322,136,2289,362,1485,299,770,314,860,281,1191,314,1326,341,1141,280,1239,235,18372,996
86000US11217,"11217",21979,685,627,182,4087,455,1428,280,479,128,563,200,663,203,814,219,674,180,1161,233,11483,584
86000US11218,"11218",27297,1256,51,40,1033,297,970,534,602,197,1062,349,927,313,3858,490,2443,347,2903,608,13448,796
86000US11219,"11219",28459,878,84,66,849,215,1575,346,1322,273,1125,265,1506,343,1668,368,1506,297,1593,271,17231,758
86000US11220,"11220",31225,988,19,22,460,120,755,204,615,176,861,198,1492,257,1281,273,1632,333,2189,319,21921,912
86000US11221,"11221",39425,1369,477,145,4940,512,3014,485,1958,453,1644,351,2350,335,1330,312,1747,306,1767,420,20198,1290
86000US11222,"11222",22902,682,932,227,2985,389,1384,302,380,159,355,140,689,178,803,221,1583,342,1008,251,12783,716
86000US11223,"11223",28803,884,148,96,511,240,938,187,272,82,619,207,866,229,3215,512,5548,519,2833,414,13853,719
86000US11224,"11224",21819,812,297,113,1281,328,350,154,856,522,1171,290,4052,583,8573,669,2192,435,495,165,2552,504
86000US11225,"11225",26883,820,412,154,1679,295,618,194,487,210,425,183,874,254,2383,535,1534,370,2678,483,15793,969
86000US11226,"11226",43525,1183,990,278,2313,378,617,220,489,165,1036,256,1022,266,3711,616,3966,599,3114,472,26267,1152
86000US11228,"11228",16350,780,0,29,128,63,414,165,300,143,472,179,640,178,543,142,1665,260,1545,257,10643,776
86000US11229,"11229",33284,931,222,105,806,206,889,214,505,160,349,114,1151,233,3111,369,8396,617,5391,580,12464,754
86000US11230,"11230",34455,959,153,82,1102,242,693,197,810,283,794,248,1721,308,3736,482,3929,528,4609,469,16908,974
86000US11231,"11231",18294,764,84,70,1783,304,647,162,627,380,681,167,474,189,313,135,662,227,1448,286,11575,814
86000US11232,"11232",10020,662,8,12,649,266,603,193,78,50,400,171,324,209,351,134,841,430,983,321,5783,428
86000US11233,"11233",34612,1005,290,137,2722,498,3536,588,1739,365,1412,423,1276,345,2181,390,1687,383,2258,525,17511,1123
86000US11234,"11234",34719,860,97,72,210,118,1116,306,465,195,1124,252,2215,353,6806,546,6370,661,4819,473,11497,689
86000US11235,"11235",36946,980,163,89,1030,237,2063,376,680,229,1011,250,1981,426,6417,617,10817,772,3772,524,9012,763
86000US11236,"11236",37238,813,55,48,269,115,940,218,763,175,972,223,2374,396,11260,692,7521,581,2562,389,10522,767
86000US11237,"11237",19195,772,444,160,1729,381,1077,293,595,170,588,180,1096,283,828,288,1281,398,1208,300,10349,722
86000US11238,"11238",30335,767,587,269,4645,509,2008,350,477,180,974,323,1273,255,1499,377,1099,307,2583,439,15190,861
86000US11239,"11239",9437,485,619,195,1633,251,451,197,467,248,327,173,4071,536,1263,307,347,153,154,113,105,64
86000US11249,"11249",19310,728,219,138,6406,571,3400,531,807,258,932,419,932,267,1883,443,563,213,438,166,3730,484
86000US11354,"11354",23441,1043,121,75,2665,377,1241,293,769,220,1992,480,1935,351,3679,516,5013,535,2095,586,3931,500
86000US11355,"11355",32362,1190,271,129,1482,417,1800,361,1840,517,2732,582,2729,472,6242,840,6952,774,2840,517,5474,707
86000US11356,"11356",8923,525,120,118,421,162,620,234,513,324,994,279,473,218,1698,413,1329,373,434,154,2321,352
86000US11357,"11357",16643,764,8,12,353,141,648,228,320,114,773,295,1668,384,2690,378,5668,524,1540,355,2975,503
86000US11358,"11358",14028,678,27,36,585,211,704,180,629,208,493,139,786,206,1027,214,2944,339,1897,282,4936,470
86000US11359,"11359",0,14,0,14,0,14,0,14,0,14,0,14,0,14,0,14,0,14,0,14,0,14
86000US11360,"11360",9893,626,20,33,137,119,101,49,204,124,2225,331,1261,361,2833,434,2103,353,594,224,415,135
86000US11361,"11361",11893,576,87,60,487,145,572,159,341,112,525,179,720,217,1382,211,3451,432,1404,284,2924,501
86000US11362,"11362",7652,497,0,21,199,127,252,158,385,145,372,201,466,180,1507,323,3223,431,508,163,740,192
86000US11363,"11363",2970,253,0,19,69,60,123,81,56,41,37,34,276,97,668,258,272,102,172,91,1297,171
86000US11364,"11364",14553,647,21,34,251,141,347,234,251,134,843,243,612,187,2202,378,6177,480,2518,442,1331,237
86000US11365,"11365",16947,959,37,40,553,208,686,189,361,143,1064,447,830,272,1898,429,6137,689,4005,750,1376,350
86000US11366,"11366",4977,505,0,21,257,125,58,35,128,107,160,149,120,61,513,156,1498,410,1422,258,821,200
86000US11367,"11367",15305,604,72,70,367,150,579,192,250,132,778,267,1352,297,2269,505,5469,566,3139,420,1030,269
86000US11368,"11368",31358,970,59,73,1117,315,2097,322,982,395,1827,337,2947,572,6055,709,7021,683,2965,537,6288,708
86000US11369,"11369",13878,671,0,29,288,103,255,103,267,115,580,191,564,182,1348,298,3721,517,2552,458,4303,412
86000US11370,"11370",11718,607,14,24,111,97,149,84,561,260,635,234,583,202,2208,427,2714,400,2157,443,2586,439
86000US11371,"11371",0,14,0,14,0,14,0,14,0,14,0,14,0,14,0,14,0,14,0,14,0,14
86000US11372,"11372",26335,987,47,45,348,154,270,119,277,159,733,409,996,334,1649,380,6343,792,4650,699,11022,851
86000US11373,"11373",34996,1101,293,105,842,236,1478,329,932,270,1333,319,2567,520,5973,650,7518,741,6844,714,7216,764
86000US11374,"11374",21152,902,60,54,592,163,615,216,613,242,843,294,883,379,3683,468,6155,679,3797,576,3911,456
86000US11375,"11375",35673,984,52,63,319,139,600,214,527,149,846,252,2113,359,6609,634,8607,743,6608,627,9392,695
86000US11377,"11377",35254,1168,83,60,821,267,1489,303,1191,434,1281,287,2527,467,5232,675,5940,785,4469,563,12221,918
86000US11378,"11378",14492,665,18,23,326,143,414,127,223,94,604,201,1002,225,1452,266,2021,363,1772,254,6660,534
86000US11379,"11379",15415,609,18,29,242,113,354,151,344,146,572,153,988,232,2309,312,3188,398,3000,362,4400,420
86000US11385,"11385",40186,1110,198,117,831,213,1113,245,1101,266,746,185,2020,321,2815,360,3301,419,4003,484,24058,985
86000US11411,"11411",6852,375,9,14,73,59,45,34,148,179,100,79,227,92,383,96,1738,249,2429,236,1700,225
86000US11412,"11412",12958,490,0,29,255,125,385,140,202,88,152,84,456,117,610,162,1820,286,2644,316,6434,387
86000US11413,"11413",14755,600,28,34,490,156,868,279,583,244,445,153,493,149,2063,334,3092,445,2693,444,4000,493
86000US11414,"11414",12154,701,39,60,232,123,283,221,367,213,584,240,1060,336,4392,709,2827,541,792,308,1578,398
86000US11415,"11415",9811,461,12,20,120,88,166,87,232,104,353,120,1037,227,1289,308,1333,304,1663,366,3606,333
86000US11416,"11416",8026,459,16,24,115,65,349,116,109,80,534,166,396,104,624,188,960,272,592,172,4331,401
86000US11417,"11417",9943,480,10,16,162,97,243,85,314,117,459,239,781,279,1046,310,1619,291,1312,241,3997,404
86000US11418,"11418",12005,637,20,33,206,149,282,147,121,75,397,118,398,129,639,193,1215,292,1944,335,6783,715
86000US11419,"11419",14053,732,0,29,158,95,605,174,298,145,476,139,663,170,744,149,1015,219,1674,456,8420,628
86000US11420,"11420",14704,581,62,48,538,193,494,174,720,259,336,118,574,230,1053,258,2202,305,1993,248,6732,613
86000US11421,"11421",12848,643,7,16,185,113,288,121,147,74,453,170,370,146,734,198,1652,289,1360,308,7652,663
86000US11422,"11422",10711,545,26,47,135,98,401,191,368,245,348,173,909,252,1876,379,2991,466,1945,398,1712,293
86000US11423,"11423",10201,661,50,56,117,88,386,129,139,87,302,147,433,133,1112,239,2588,488,1446,257,3628,444
86000US11424,"11424",0,14,0,14,0,14,0,14,0,14,0,14,0,14,0,14,0,14,0,14,0,14
86000US11426,"11426",6734,418,12,21,154,82,193,142,81,55,117,75,148,91,658,231,2042,398,1474,318,1855,269
86000US11427,"11427",8540,490,16,20,69,108,207,84,89,50,342,182,264,144,756,204,3025,450,1889,345,1883,336
86000US11428,"11428",6187,513,12,16,23,28,95,64,24,29,77,49,121,71,325,150,639,184,1340,362,3531,463
86000US11429,"11429",8532,577,0,25,89,73,32,29,84,70,76,91,136,83,723,229,1351,363,2341,506,3700,403
86000US11430,"11430",0,14,0,14,0,14,0,14,0,14,0,14,0,14,0,14,0,14,0,14,0,14
86000US11432,"11432",22157,1104,529,257,1529,281,1400,453,476,228,887,378,1544,328,4089,644,3067,406,2447,423,6189,531
86000US11433,"11433",12261,496,173,111,558,184,1298,288,1421,298,465,183,607,189,1000,223,1999,324,1170,255,3570,412
86000US11434,"11434",23845,794,167,138,998,214,1029,273,1590,323,1002,258,897,259,6851,750,2972,359,2402,355,5937,592
86000US11435,"11435",21405,833,157,86,2171,491,848,239,589,211,526,200,984,234,2233,466,4466,604,3360,518,6071,577
86000US11436,"11436",6843,356,0,25,181,82,418,145,255,87,310,120,275,99,1108,197,800,179,828,181,2668,286
86000US11439,"11439",0,14,0,14,0,14,0,14,0,14,0,14,0,14,0,14,0,14,0,14,0,14
86000US11451,"11451",0,14,0,14,0,14,0,14,0,14,0,14,0,14,0,14,0,14,0,14,0,14
86000US11509,"11509",1172,133,14,10,37,22,121,52,68,36,181,77,71,38,142,49,208,78,128,62,202,66
86000US11559,"11559",2871,437,0,19,366,196,202,156,56,45,93,76,270,154,562,207,512,191,195,113,615,204
86000US11580,"11580",13468,665,21,32,582,411,263,97,115,66,427,240,763,229,1429,352,4679,522,2746,409,2443,411
86000US11581,"11581",7363,441,0,25,177,161,201,119,63,49,0,25,408,188,1542,291,2339,350,679,179,1954,404
86000US11691,"11691",24072,924,276,131,925,304,2531,559,1196,309,1430,434,4074,549,3541,566,4225,642,1461,365,4413,677
86000US11692,"11692",8415,488,135,147,1175,267,1307,299,361,171,275,145,1368,335,1223,315,1205,310,382,177,984,266
86000US11693,"11693",5922,566,0,21,377,138,811,201,406,323,71,64,495,204,1128,259,997,275,520,217,1117,275
86000US11694,"11694",9078,391,44,38,260,140,1090,248,177,131,329,145,592,222,2108,426,1046,242,560,172,2872,351
86000US11697,"11697",2873,252,88,89,377,139,316,126,364,130,212,116,142,86,292,120,385,158,274,158,423,165
